Title,Name,FirstName
Mr,John Doe,John
Mr,James Alan Cooper,James
Ms,Lisa Marie Johnson,Lisa
Mrs,Emily Rose Carter,Emily
Mr,David Lee Thompson,David
Ms,Sarah Bennett,Sarah
Mr,Michael Andrew Ford,Michael
Mrs,Laura Jane Mitchell,Laura
Ms,Olivia Grace Turner,Olivia
Mr,Brian Douglas Smith,Brian
Mrs,Katherine Anne Brown,Katherine
Mr,Thomas Wright,Thomas
Ms,Angela Nicole Hayes,Angela
Mrs,Rebecca Lynn Stewart,Rebecca
Mr,Jonathan Paul Harris,Jonathan
Ms,Megan Elizabeth Young,Megan
Mrs,Amanda Claire Robinson,Amanda
Mr,Christopher Dean Lewis,Christopher
Ms,Natalie Morgan Reed,Natalie
Mrs,Julia Frances Clarke,Julia
Mr,Eric Scott Phillips,Eric
